reference	template
A:1:M	A:1:M
A:2:T	A:2:T
A:3:A	A:3:A
A:4:I	A:4:I
A:5:I	A:5:I
A:6:K	A:6:K
A:7:E	A:7:E
A:8:I	A:8:I
A:9:V	A:9:V
A:10:S	A:10:S
A:11:R	A:11:R
A:12:N	A:12:N
A:13:K	A:13:K
A:14:R	A:14:R
A:15:R	A:15:R
A:16:Y	A:16:Y
A:17:Q	A:17:Q
A:18:E	A:18:E
A:19:D	A:19:D
A:20:G	A:20:G
A:21:F	A:21:F
A:22:D	A:22:D
A:23:L	A:23:L
A:24:D	A:24:D
A:25:L	A:25:L
A:26:T	A:26:T
A:27:Y	A:27:Y
A:28:I	A:28:I
A:29:Y	A:29:Y
A:30:P	A:30:P
A:31:N	A:31:N
A:32:I	A:32:I
A:33:I	A:33:I
A:34:A	A:34:A
A:35:M	A:35:M
A:36:G	A:36:G
A:37:F	A:37:F
A:38:P	A:38:P
A:39:A	A:39:A
A:40:E	A:40:E
A:41:R	A:41:R
A:42:L	A:42:L
A:43:E	A:43:E
A:44:G	A:44:G
A:45:V	A:45:V
A:46:Y	A:46:Y
A:47:R	A:47:R
A:48:N	A:48:N
A:49:N	A:49:N
A:50:I	A:50:I
A:51:D	A:51:D
A:52:D	A:52:D
A:53:V	A:53:V
A:54:V	A:54:V
A:55:R	A:55:R
A:56:F	A:56:F
A:57:L	A:57:L
A:58:D	A:58:D
A:59:S	A:59:S
A:60:K	A:60:K
A:61:H	A:61:H
A:62:K	A:62:K
A:63:N	A:63:N
A:64:H	A:64:H
A:65:Y	A:65:Y
A:66:K	A:66:K
A:67:I	A:67:I
A:68:Y	A:68:Y
A:69:N	A:69:N
A:70:L	A:70:L
A:71:C	A:71:C
A:72:A	A:72:A
A:73:E	A:73:E
A:74:R	A:74:R
A:75:H	A:75:H
A:76:Y	A:76:Y
A:77:D	A:77:D
A:78:T	A:78:T
A:79:A	A:79:A
A:80:K	A:80:K
A:81:F	A:81:F
A:82:N	A:82:N
A:83:C	A:83:C
A:84:R	A:84:R
A:85:V	A:85:V
A:86:A	A:86:A
A:87:Q	A:87:Q
A:88:Y	A:88:Y
A:89:P	A:89:P
A:90:F	A:90:F
A:91:E	A:91:E
A:92:D	A:92:D
A:93:H	A:93:H
A:94:N	A:94:N
A:95:P	A:95:P
A:96:P	A:96:P
A:97:Q	A:97:Q
A:98:L	A:98:L
A:99:E	A:99:E
A:100:L	A:100:L
A:101:I	A:101:I
A:102:K	A:102:K
A:103:P	A:103:P
A:104:F	A:104:F
A:105:C	A:105:C
A:106:E	A:106:E
A:107:D	A:107:D
A:108:L	A:108:L
A:109:D	A:109:D
A:110:Q	A:110:Q
A:111:W	A:111:W
A:112:L	A:112:L
A:113:S	A:113:S
A:114:E	A:114:E
A:115:D	A:115:D
A:116:D	A:116:D
A:117:N	A:117:N
A:118:H	A:118:H
A:119:V	A:119:V
A:120:A	A:120:A
A:121:A	A:121:A
A:122:I	A:122:I
A:123:H	A:123:H
A:124:F	A:124:F
A:125:K	A:125:K
A:126:A	A:126:A
A:127:G	A:127:G
A:128:K	A:128:K
A:129:G	A:129:G
A:130:R	A:130:R
A:131:T	A:131:T
A:132:G	A:132:G
A:133:V	A:133:V
A:134:M	A:134:M
A:135:I	A:135:I
A:136:C	A:136:C
A:137:A	A:137:A
A:138:Y	A:138:Y
A:139:L	A:139:L
A:140:L	A:140:L
A:141:H	A:141:H
A:142:R	A:142:R
A:143:G	A:143:G
A:144:K	A:144:K
A:145:F	A:145:F
A:146:L	A:146:L
A:147:K	A:147:K
A:148:A	A:148:A
A:149:Q	A:149:Q
A:150:E	A:150:E
A:151:A	A:151:A
A:152:L	A:152:L
A:153:D	A:153:D
A:154:F	A:154:F
A:155:Y	A:155:Y
A:156:G	A:156:G
A:157:E	A:157:E
A:158:V	A:158:V
A:159:R	A:159:R
A:160:T	A:160:T
A:161:R	A:161:R
A:162:D	A:162:D
A:163:K	A:163:K
A:164:K	A:164:K
A:165:G	A:165:G
A:166:V	A:166:V
A:167:T	A:167:T
A:168:I	A:168:I
A:169:P	A:169:P
A:170:S	A:170:S
A:171:Q	A:171:Q
A:172:R	A:172:R
A:173:R	A:173:R
A:174:Y	A:174:Y
A:175:V	A:175:V
A:176:Y	A:176:Y
A:177:Y	A:177:Y
A:178:Y	A:178:Y
A:179:S	A:179:S
A:180:Y	A:180:Y
A:181:L	A:181:L
A:182:L	A:182:L
A:183:K	A:183:K
A:184:N	A:184:N
A:185:H	A:185:H
A:186:L	A:186:L
A:187:D	A:187:D
A:188:Y	A:188:Y
A:189:R	A:189:R
A:190:P	A:190:P
A:191:V	A:191:V
A:192:A	A:192:A
A:193:L	A:193:L
A:194:L	A:194:L
A:195:F	A:195:F
A:196:H	A:196:H
A:197:K	A:197:K
A:198:M	A:198:M
A:199:M	A:199:M
A:200:F	A:200:F
A:201:E	A:201:E
A:202:T	A:202:T
A:203:I	A:203:I
A:204:P	A:204:P
A:205:M	A:205:M
A:206:F	A:206:F
A:207:S	A:207:S
A:208:G	A:208:G
A:209:G	A:209:G
A:210:T	A:210:T
A:211:C	A:211:C
A:212:N	A:212:N
A:213:P	A:213:P
A:214:Q	A:214:Q
A:215:F	A:215:F
A:216:V	A:216:V
A:217:V	A:217:V
A:218:C	A:218:C
A:219:Q	A:219:Q
A:220:L	A:220:L
A:221:K	A:221:K
A:222:V	A:222:V
A:223:K	A:223:K
A:224:I	A:224:I
A:225:Y	A:225:Y
A:226:S	A:226:S
A:227:S	A:227:S
A:228:N	A:228:N
A:229:S	A:229:S
A:230:G	A:230:G
A:231:P	A:231:P
A:232:T	A:232:T
A:233:R	A:233:R
A:234:R	A:234:R
A:235:E	A:235:E
A:236:D	A:236:D
A:237:K	A:237:K
A:238:F	A:238:F
A:239:M	A:239:M
A:240:Y	A:240:Y
A:241:F	A:241:F
A:242:E	A:242:E
A:243:F	A:243:F
A:244:P	A:244:P
A:245:Q	A:245:Q
A:246:P	A:246:P
A:247:L	A:247:L
A:248:P	A:248:P
A:249:V	A:249:V
A:250:C	A:250:C
A:251:G	A:251:G
A:252:D	A:252:D
A:253:I	A:253:I
A:254:K	A:254:K
A:255:V	A:255:V
A:256:E	A:256:E
A:257:F	A:257:F
A:258:F	A:258:F
A:259:H	A:259:H
A:260:K	A:260:K
A:261:Q	A:261:Q
A:262:N	A:262:N
A:263:K	A:263:K
A:264:M	A:264:M
A:265:L	A:265:L
A:266:K	A:266:K
A:267:K	A:267:K
A:268:D	A:268:D
A:269:K	A:269:K
A:270:M	A:270:M
A:271:F	A:271:F
A:272:H	A:272:H
A:273:F	A:273:F
A:274:W	A:274:W
A:275:V	A:275:V
A:276:N	A:276:N
A:277:T	A:277:T
A:278:F	A:278:F
A:279:F	A:279:F
A:280:I	A:280:I
A:281:P	A:281:P
A:282:G	A:282:G
A:283:P	A:283:P
A:284:E	A:284:E
A:285:E	A:285:E
A:286:T	A:286:T
A:287:S	A:287:S
A:288:E	A:288:E
A:289:K	A:289:K
A:290:V	A:290:V
A:291:E	A:291:E
A:292:N	A:292:N
A:293:G	A:293:G
A:294:S	A:294:S
A:295:L	A:295:L
A:296:C	A:296:C
A:297:D	A:297:D
A:298:Q	A:298:Q
A:299:E	A:299:E
A:300:I	A:300:I
A:301:D	A:301:D
A:302:S	A:302:S
A:303:I	A:303:I
A:304:C	A:304:C
A:305:S	A:305:S
A:306:I	A:306:I
A:307:E	A:307:E
A:308:R	A:308:R
A:309:A	A:309:A
A:310:D	A:310:D
A:311:N	A:311:N
A:312:D	A:312:D
A:313:K	A:313:K
A:314:E	A:314:E
A:315:Y	A:315:Y
A:316:L	A:316:L
A:317:V	A:317:V
A:318:L	A:318:L
A:319:T	A:319:T
A:320:L	A:320:L
A:321:T	A:321:T
A:322:K	A:322:K
A:323:N	A:323:N
A:324:D	A:324:D
A:325:L	A:325:L
A:326:D	A:326:D
A:327:K	A:327:K
A:328:A	A:328:A
A:329:N	A:329:N
A:330:K	A:330:K
A:331:D	A:331:D
A:332:K	A:332:K
A:333:A	A:333:A
A:334:N	A:334:N
A:335:R	A:335:R
A:336:Y	A:336:Y
A:337:F	A:337:F
A:338:S	A:338:S
A:339:P	A:339:P
A:340:N	A:340:N
A:341:F	A:341:F
A:342:K	A:342:K
A:343:V	A:343:V
A:344:K	A:344:K
A:345:L	A:345:L
A:346:Y	A:346:Y
A:347:F	A:347:F
A:348:T	A:348:T
A:349:K	A:349:K
A:350:T	A:350:T
A:351:V	A:351:V
A:352:E	A:352:E
