structure_rank,hugo_name,uniprot_id,uniprot_isoform,structure_id,deposition_date,experimental_method,resolution,r_free,PDBREDOdb,PDBREDOdb_rfree,complex_protein,complex_protein_details,complex_nucleotide,complex_nucleotide_details,complex_ligand,complex_ligand_details,chains,coverage,mutations_in_pdb,b_factor,warnings
0,,P60484,1,AF-P60484-F1-model_v4,6/1/2022,PREDICTED,NA,NA,NO,NA,NA,NA,NA,NA,NA,NA,A,"{'A': '[(3, 9);(11, 43);(46, 281);(305, 305);(314, 351)]'}",NA,"{'A': [54.96, 66.83, 73.65, 75.95, 76.26, 79.19, 73.69, 70.17, 72.29, 68.35, 82.31, 82.83, 85.88, 84.71, 90.1, 87.72, 87.15, 87.43, 85.92, 87.94, 90.49, 91.32, 93.23, 94.15, 95.15, 96.96, 97.83, 98.28, 98.15, 97.93, 98.41, 98.75, 98.62, 98.43, 97.35, 94.11, 95.05, 95.11, 91.77, 86.97, 79.01, 74.88, 76.31, 61.73, 66.12, 75.12, 85.33, 88.75, 92.07, 94.61, 93.62, 94.03, 96.18, 95.99, 95.74, 97.44, 97.52, 96.38, 96.24, 96.39, 97.07, 96.48, 96.06, 97.94, 98.47, 98.6, 98.58, 98.74, 98.34, 98.56, 96.62, 94.8, 92.5, 89.17, 92.29, 92.95, 93.51, 94.97, 94.84, 93.02, 94.81, 91.17, 88.68, 94.57, 97.66, 98.28, 98.21, 98.62, 98.13, 98.11, 96.66, 93.68, 94.47, 97.47, 98.21, 98.39, 98.29, 97.84, 97.77, 98.53, 98.8, 98.62, 98.71, 98.87, 98.86, 98.73, 98.81, 98.78, 98.72, 98.64, 98.61, 98.53, 98.01, 98.18, 98.13, 97.51, 97.92, 98.51, 98.6, 98.8, 98.64, 98.76, 97.84, 94.17, 91.11, 90.16, 91.94, 93.17, 96.92, 98.38, 98.57, 98.61, 98.77, 98.89, 98.86, 98.86, 98.87, 98.9, 98.79, 98.67, 98.59, 98.06, 97.84, 98.09, 98.11, 95.25, 96.76, 97.91, 97.73, 98.1, 98.53, 98.36, 98.15, 98.44, 98.42, 97.3, 96.96, 97.11, 96.92, 93.57, 91.89, 92.18, 93.25, 92.01, 94.86, 97.59, 96.54, 97.99, 98.25, 98.48, 98.53, 98.58, 98.34, 98.56, 98.6, 98.24, 98.01, 98.26, 97.83, 96.42, 96.6, 96.85, 95.4, 94.6, 95.22, 95.53, 95.07, 96.35, 94.93, 94.89, 95.7, 96.96, 96.72, 97.71, 97.86, 97.52, 97.75, 98.36, 97.97, 98.33, 96.14, 97.15, 97.58, 97.82, 96.63, 95.37, 92.72, 90.52, 92.09, 93.81, 95.35, 95.59, 97.26, 97.15, 98.39, 98.4, 98.66, 98.52, 97.48, 92.03, 90.52, 96.96, 97.93, 98.16, 98.51, 97.88, 97.34, 94.66, 93.47, 94.28, 96.82, 96.67, 95.53, 94.87, 93.66, 92.15, 94.68, 97.12, 98.07, 98.21, 98.45, 97.93, 97.82, 96.87, 96.38, 97.1, 98.27, 97.98, 98.22, 97.48, 97.52, 98.28, 98.14, 98.61, 98.61, 98.58, 98.58, 97.73, 96.7, 92.72, 85.01, 74.83, 71.41, 73.7, 77.49, 85.37, 89.42, 93.69, 96.44, 98.04, 98.57, 98.68, 98.63, 98.54, 98.1, 97.92, 97.22, 96.1, 95.99, 93.58, 84.37, 65.87, 52.73, 48.62, 44.13, 42.26, 33.04, 34.01, 27.7, 31.59, 26.75, 29.39, 26.3, 28.63, 28.46, 29.56, 42.37, 43.83, 50.56, 53.51, 42.79, 47.82, 60.32, 61.84, 71.7, 69.68, 69.24, 55.31, 60.12, 55.72, 58.12, 61.36, 69.61, 84.47, 92.36, 94.29, 94.81, 95.43, 96.38, 97.06, 97.95, 98.0, 97.35, 97.74, 98.21, 97.73, 97.7, 97.78, 96.71, 96.25, 97.17, 96.05, 97.27, 96.58, 97.03, 97.79, 98.16, 97.23, 97.18, 95.9, 97.97, 97.86, 97.72, 97.15, 97.43, 96.67, 96.59, 95.27, 92.6, 86.75, 71.24, 53.69, 42.57, 34.01, 33.15, 34.31, 33.09, 34.22, 35.06, 40.08, 31.56, 43.71, 34.5, 35.59, 40.71, 38.02, 42.2, 33.76, 41.4, 41.39, 34.74, 40.88, 37.61, 36.21, 35.41, 31.52, 34.71, 28.61, 32.77, 28.96, 27.64, 30.79, 32.78, 32.12, 33.02, 37.87, 36.25, 39.87, 37.68, 32.22, 33.18, 33.82, 36.8, 34.54, 35.84, 37.07, 39.39, 37.84, 38.01, 43.33, 43.92, 40.73, 45.42]}",NA
1,,P60484,1,8X3S,11/14/2023,X-RAY DIFFRACTION,1.87,0.2586,YES,0.2249,protein complex,"['WDR5_HUMAN, P61964, chain_A;PTEN_HUMAN, P60484, chain_B']",NA,NA,NA,NA,B,{'B': 'NA'},NA,{'B': 'NA'},NA
2,,P60484,1,4O1V,12/16/2013,X-RAY DIFFRACTION,2,0.221,YES,0.2259,protein complex,"['SPOP_HUMAN, O43791, chain_A;PTEN_HUMAN, P60484, chain_B']",NA,NA,NA,NA,B,"{'B': '[(357, 363)]'}",NA,"{'B': array([79.86, 64.33, 41.36, 39.27, 42.34, 52.16, 78.02])}",NA
3,,P60484,1,1D5R,10/11/1999,X-RAY DIFFRACTION,2.1,0.276,NO,NA,NA,NA,NA,NA,Other ligands,"['L(+)-TARTARIC ACID, chain A']",A,"{'A': '[(14, 281)]'}",NA,"{'A': array([ 90.39,  88.68,  79.73,  66.47,  63.19,  66.95,  69.94,  67.95,
        61.8 ,  53.8 ,  46.47,  40.35,  38.08,  37.29,  36.82,  42.15,
        46.53,  39.87,  35.4 ,  29.86,  39.49,  43.82,  43.61,  46.46,
        49.74,  61.27,  82.42,  98.98, 104.1 , 104.19,  97.3 ,  90.96,
        84.3 ,  75.95,  68.17,  69.63,  62.98,  61.85,  64.43,  57.3 ,
        57.28,  59.32,  51.81,  51.41,  59.19,  61.92,  62.12,  61.06,
        66.87,  60.77,  56.8 ,  50.5 ,  42.21,  37.68,  30.8 ,  25.52,
        24.49,  37.7 ,  53.63,  69.26,  77.48,  78.94,  69.01,  69.11,
        71.59,  69.45,  68.58,  70.88,  78.28,  72.71,  64.42,  51.19,
        35.69,  30.45,  22.31,  23.67,  21.14,  31.34,  29.16,  23.97,
        22.36,  21.73,  21.36,  19.79,  19.02,  22.73,  23.63,  20.33,
        25.31,  28.52,  27.71,  30.76,  31.48,  32.88,  38.67,  43.65,
        52.4 ,  48.34,  53.77,  66.2 ,  78.32,  87.92,  91.05,  83.56,
        66.94,  52.9 ,  40.22,  32.68,  33.88,  28.47,  34.28,  40.63,
        40.43,  34.89,  35.16,  30.26,  21.93,  27.07,  28.29,  26.98,
        23.75,  28.01,  29.29,  25.83,  31.22,  34.09,  34.69,  37.64,
        41.62,  44.95,  37.59,  42.07,  42.33,  40.21,  36.22,  41.44,
        41.11,  34.46,  31.71,  33.49,  34.12,  32.61,  33.65,  42.68,
        38.87,  34.46,  41.85,  50.41,  52.42,  58.48,  52.7 ,  40.8 ,
        31.56,  26.52,  20.86,  23.59,  22.33,  21.2 ,  25.87,  23.11,
        20.62,  25.45,  28.79,  27.47,  29.88,  37.74,  32.11,  33.12,
        34.87,  52.31,  54.96,  63.05,  53.87,  45.08,  35.48,  41.45,
        38.07,  27.91,  32.07,  31.84,  29.29,  25.23,  28.23,  25.39,
        24.96,  26.9 ,  25.05,  35.57,  27.03,  26.43,  29.33,  35.12,
        33.82,  46.65,  49.58,  51.43,  46.66,  29.85,  34.92,  28.58,
        23.09,  20.09,  23.48,  23.08,  28.03,  30.94,  37.36,  47.16,
        42.82,  43.02,  32.05,  32.  ,  34.5 ,  40.78,  50.15,  50.18,
        39.31,  28.23,  31.21,  25.28,  21.81,  29.61,  41.61,  41.17,
        31.5 ,  22.72,  20.27,  24.22,  32.42,  38.11,  38.19,  40.53,
        33.94,  28.31,  29.39,  26.36,  31.71,  27.88,  23.53,  22.87,
        17.79,  22.73,  19.66,  19.93,  30.35,  34.07,  50.88,  68.51,
        87.31,  92.18,  88.18,  84.54,  66.82,  47.47,  39.03,  35.03,
        25.5 ,  18.39,  17.96,  20.3 ,  21.15,  24.22,  21.62,  25.48,
        28.48,  29.52,  35.75,  55.  ])}",NA
4,,P60484,1,5BZZ,6/11/2015,X-RAY DIFFRACTION,2.2,0.2207,YES,0.2191,NA,NA,NA,NA,Other ligands,"['L(+)-TARTARIC ACID, chain A,B,C,D']",A;B;C;D,"{'A': '[(14, 285)]', 'B': '[(14, 285)]', 'C': '[(14, 285)]', 'D': '[(14, 285)]'}",NA,"{'A': array([ 60.17,  66.11,  64.98,  59.62,  55.83,  67.35,  77.92,  71.91,
        65.73,  57.76,  54.82,  49.44,  47.13,  46.06,  42.92,  44.81,
        44.4 ,  47.84,  40.58,  43.94,  43.03,  44.03,  47.8 ,  59.79,
        60.21,  71.23,  83.23,  83.5 ,  65.87,  93.38, 110.07, 104.54,
        93.79,  81.71,  66.67,  68.79,  64.25,  68.91,  60.96,  59.62,
        58.24,  60.27,  55.44,  54.04,  62.04,  63.17,  57.12,  52.41,
        58.85,  57.82,  55.67,  53.37,  50.24,  47.33,  42.91,  45.32,
        43.11,  52.37,  65.53,  81.49,  85.76,  84.57,  78.56,  86.7 ,
        84.27,  84.12,  84.74,  81.55,  81.86,  71.6 ,  73.14,  58.45,
        53.38,  53.49,  45.14,  47.78,  45.74,  55.49,  53.65,  51.3 ,
        45.57,  39.81,  39.1 ,  43.87,  41.61,  44.02,  40.54,  43.73,
        44.51,  45.32,  48.22,  47.9 ,  48.23,  44.73,  44.81,  48.36,
        54.17,  55.14,  53.69,  65.72,  70.57,  68.45,  65.08,  64.29,
        52.44,  48.71,  46.28,  44.71,  42.62,  47.63,  57.37,  61.65,
        58.57,  53.86,  47.5 ,  45.59,  44.64,  40.14,  37.44,  42.52,
        44.18,  42.62,  44.51,  44.42,  46.91,  51.07,  47.35,  49.78,
        56.02,  56.84,  67.3 ,  59.71,  68.63,  60.94,  52.31,  52.38,
        53.27,  46.28,  43.88,  46.8 ,  46.52,  42.07,  42.34,  42.66,
        40.74,  48.01,  50.19,  57.51,  57.97,  51.85,  47.04,  44.88,
        40.34,  38.07,  36.72,  38.72,  40.67,  40.29,  41.36,  41.07,
        40.7 ,  42.39,  45.22,  48.12,  50.31,  50.62,  55.87,  53.96,
        56.8 ,  67.73,  75.59,  71.94,  63.59,  66.91,  58.86,  62.27,
        53.71,  54.45,  51.75,  48.06,  44.5 ,  40.97,  45.  ,  43.07,
        39.01,  42.84,  45.35,  45.62,  42.82,  47.38,  48.54,  56.13,
        64.36,  76.32,  75.36,  71.88,  68.57,  59.51,  61.57,  53.96,
        53.35,  48.7 ,  45.3 ,  41.91,  45.58,  49.67,  67.56,  72.79,
        58.61,  54.09,  46.8 ,  49.22,  51.93,  54.83,  70.38,  60.34,
        52.67,  49.6 ,  49.78,  41.59,  41.51,  44.86,  47.09,  47.1 ,
        42.31,  42.21,  44.28,  44.3 ,  51.11,  48.83,  51.45,  50.73,
        44.7 ,  41.18,  43.11,  43.13,  47.  ,  45.14,  43.75,  42.35,
        38.84,  42.45,  46.01,  45.72,  55.19,  67.34,  82.  , 102.23,
       112.34, 104.33, 106.68, 101.4 ,  93.43,  79.74,  76.66,  65.18,
        52.38,  41.96,  42.68,  40.13,  36.18,  41.74,  44.2 ,  46.99,
        51.65,  50.55,  54.56,  72.38,  96.19, 104.17, 101.74, 110.65]), 'B': array([ 76.62,  69.28,  71.42,  69.11,  71.72,  79.96,  90.05,  85.08,
        81.67,  74.33,  69.68,  56.48,  52.25,  51.39,  51.02,  48.04,
        49.49,  47.59,  47.26,  48.3 ,  51.33,  61.02,  65.37,  86.28,
        84.97,  90.52, 117.01, 124.19, 130.33, 129.47, 125.65, 119.77,
       115.03, 107.48,  91.38,  88.26,  92.82,  91.88,  84.28,  77.21,
        75.68,  76.33,  69.47,  65.93,  68.06,  66.58,  62.73,  57.13,
        68.31,  66.08,  58.79,  60.27,  48.77,  53.84,  48.63,  52.79,
        54.65,  66.87,  79.71,  89.75,  88.34,  85.96,  79.06,  82.99,
        84.37,  90.58,  90.62,  92.4 ,  98.48,  88.5 ,  73.08,  59.17,
        52.05,  50.01,  46.39,  54.27,  54.45,  62.68,  61.28,  59.62,
        50.68,  43.58,  43.47,  48.25,  44.12,  47.46,  42.21,  43.15,
        49.9 ,  44.82,  46.58,  48.41,  51.09,  45.63,  48.19,  48.71,
        61.43,  57.03,  56.08,  70.55,  61.89,  59.7 ,  59.42,  56.91,
        52.15,  50.98,  48.12,  50.1 ,  53.89,  56.62,  67.54,  75.8 ,
        72.05,  63.74,  58.51,  51.78,  49.16,  46.3 ,  40.57,  43.61,
        43.79,  40.74,  42.13,  43.65,  45.19,  47.01,  46.7 ,  50.77,
        56.58,  58.48,  66.18,  57.68,  64.5 ,  54.72,  50.17,  54.5 ,
        51.76,  43.72,  45.73,  48.49,  46.73,  43.92,  46.91,  46.29,
        44.16,  47.68,  55.4 ,  69.86,  66.23,  57.03,  54.83,  50.09,
        42.79,  45.37,  46.6 ,  43.92,  44.48,  43.08,  40.98,  41.69,
        41.07,  38.66,  43.51,  42.7 ,  46.44,  50.32,  55.15,  51.4 ,
        53.69,  66.17,  62.5 ,  63.82,  61.12,  64.86,  62.24,  64.44,
        58.44,  52.5 ,  51.01,  46.38,  47.13,  44.17,  47.85,  43.21,
        40.85,  44.53,  43.91,  48.71,  49.34,  52.41,  53.77,  65.39,
        67.52,  83.44,  83.88,  78.6 ,  76.22,  67.14,  67.35,  56.73,
        58.83,  51.39,  51.2 ,  45.  ,  47.54,  56.71,  74.61,  81.02,
        65.26,  60.65,  51.47,  52.66,  57.61,  63.58,  78.17,  74.78,
        56.34,  52.03,  49.42,  43.19,  46.1 ,  46.47,  47.31,  50.17,
        45.  ,  43.69,  42.95,  45.18,  51.42,  53.08,  60.57,  56.95,
        46.93,  45.18,  44.19,  47.3 ,  48.77,  45.8 ,  46.65,  49.45,
        46.98,  47.16,  51.51,  53.07,  64.49,  85.1 ,  96.87, 116.18,
       130.99, 134.04, 136.01, 124.61, 112.25, 100.78,  87.56,  74.97,
        61.85,  50.94,  47.47,  44.12,  37.94,  40.52,  42.94,  47.07,
        51.08,  55.14,  59.65,  81.85, 103.44, 128.9 , 122.36, 104.28]), 'C': array([ 63.66,  67.57,  69.73,  65.47,  61.01,  76.64,  74.78,  70.75,
        67.76,  62.8 ,  59.9 ,  50.45,  48.96,  44.42,  43.28,  42.41,
        43.48,  43.22,  41.7 ,  41.96,  44.56,  50.57,  54.22,  65.39,
        75.72,  84.14,  94.66,  96.66,  98.55, 108.37, 109.62, 112.65,
       105.46,  87.22,  72.12,  72.29,  69.78,  68.8 ,  69.61,  66.92,
        65.4 ,  65.81,  56.9 ,  56.97,  65.57,  66.7 ,  59.12,  55.89,
        66.03,  62.52,  55.6 ,  53.29,  44.62,  44.65,  40.43,  46.38,
        43.6 ,  53.96,  73.57,  88.84,  94.28,  89.64,  81.94,  86.85,
        84.61,  91.58,  82.57,  79.14,  85.73,  74.88,  67.76,  55.79,
        47.96,  50.69,  43.08,  47.37,  45.26,  52.31,  51.87,  53.69,
        44.13,  42.28,  41.05,  43.4 ,  41.01,  44.8 ,  40.08,  43.58,
        45.19,  44.2 ,  45.82,  48.57,  51.01,  43.77,  49.43,  52.15,
        56.56,  50.39,  50.47,  62.64,  62.89,  62.04,  58.38,  54.96,
        51.47,  45.38,  44.79,  43.75,  43.18,  47.35,  55.81,  67.55,
        60.81,  53.64,  51.59,  48.04,  45.41,  41.82,  38.16,  42.44,
        41.86,  40.01,  39.19,  41.18,  44.5 ,  47.56,  47.65,  51.21,
        55.98,  58.34,  62.45,  54.84,  66.62,  56.53,  53.77,  51.63,
        48.97,  46.61,  49.12,  49.35,  46.32,  43.94,  43.96,  46.08,
        44.46,  49.  ,  53.49,  64.86,  58.05,  58.53,  52.3 ,  50.75,
        41.81,  39.93,  41.87,  41.29,  42.28,  39.25,  39.36,  46.7 ,
        42.45,  42.41,  46.98,  47.31,  50.22,  52.84,  56.09,  55.6 ,
        57.71,  67.35,  69.96,  71.71,  65.  ,  69.17,  61.23,  62.38,
        53.79,  50.15,  52.7 ,  46.34,  46.47,  41.73,  43.  ,  38.56,
        39.44,  40.42,  42.68,  47.46,  44.83,  49.48,  54.62,  63.69,
        68.26,  82.73,  84.68,  84.68,  74.68,  66.39,  65.67,  59.1 ,
        56.92,  48.39,  48.3 ,  46.69,  45.28,  54.56,  72.15,  71.64,
        63.42,  61.15,  51.71,  48.2 ,  53.74,  57.61,  75.51,  67.78,
        57.79,  47.83,  45.72,  43.57,  44.4 ,  47.75,  47.45,  51.07,
        40.46,  40.32,  41.8 ,  39.59,  46.72,  47.16,  52.15,  45.58,
        40.72,  40.48,  43.33,  46.81,  48.72,  43.86,  44.27,  44.26,
        40.95,  45.08,  47.05,  47.46,  59.21,  74.99,  89.83, 102.65,
       112.18, 116.54, 118.46, 105.36,  97.48,  82.14,  77.95,  63.53,
        52.59,  49.31,  43.56,  41.43,  37.08,  41.66,  43.32,  46.4 ,
        48.91,  48.49,  53.07,  62.16,  73.57,  90.09, 102.2 , 110.76]), 'D': array([ 66.86,  70.43,  79.37,  73.15,  69.49,  78.63,  83.69,  78.35,
        78.35,  70.78,  63.53,  58.36,  52.94,  52.22,  46.72,  51.44,
        51.72,  53.16,  47.91,  43.68,  52.4 ,  57.81,  62.5 ,  82.01,
        90.54,  97.91, 113.23, 115.8 , 116.49, 119.04, 118.  , 114.14,
       115.6 , 106.93,  96.19, 101.69,  93.96,  88.19,  81.26,  77.59,
        76.36,  76.21,  70.85,  66.84,  68.35,  67.02,  62.23,  59.94,
        64.22,  65.54,  60.66,  63.97,  56.99,  54.25,  48.56,  49.33,
        48.34,  60.66,  72.81,  88.71,  94.22,  99.08,  97.3 , 101.53,
       100.01, 108.03, 101.59,  96.7 ,  98.21,  90.14,  83.54,  73.69,
        54.5 ,  51.11,  43.57,  49.32,  49.94,  53.21,  58.65,  56.19,
        46.15,  41.88,  43.18,  44.5 ,  43.58,  47.6 ,  44.52,  46.89,
        50.22,  50.89,  49.26,  53.16,  54.49,  47.78,  52.66,  55.38,
        62.66,  59.9 ,  59.06,  70.47,  74.71,  71.07,  64.69,  64.18,
        58.94,  53.22,  49.01,  45.09,  46.66,  52.61,  60.66,  69.89,
        66.53,  63.7 ,  55.03,  51.57,  49.74,  46.92,  43.33,  46.42,
        44.9 ,  43.53,  45.32,  46.76,  48.87,  49.64,  54.51,  57.57,
        62.46,  59.52,  65.74,  61.74,  71.44,  61.06,  55.41,  55.81,
        50.27,  45.58,  49.22,  50.32,  45.86,  45.76,  47.73,  51.34,
        47.79,  51.58,  57.55,  59.3 ,  59.88,  55.49,  51.86,  48.48,
        40.2 ,  39.74,  41.23,  43.06,  43.08,  42.41,  40.35,  46.13,
        42.06,  44.11,  49.49,  51.24,  53.82,  60.43,  63.54,  60.77,
        68.78,  80.36,  78.84,  88.01,  75.29,  71.69,  61.29,  62.47,
        57.3 ,  52.51,  57.73,  50.28,  46.14,  43.96,  46.69,  42.31,
        42.21,  42.06,  42.51,  45.58,  43.1 ,  48.12,  51.22,  59.84,
        63.57,  82.93,  80.04,  69.91,  65.84,  61.64,  60.1 ,  52.77,
        53.  ,  44.14,  43.91,  42.05,  46.67,  50.16,  62.32,  71.17,
        58.85,  50.94,  45.95,  47.08,  52.86,  55.51,  72.97,  67.95,
        57.43,  48.82,  48.08,  41.32,  45.24,  44.78,  51.5 ,  51.89,
        44.84,  40.51,  42.02,  41.8 ,  47.38,  50.82,  47.13,  46.23,
        43.1 ,  42.73,  42.61,  45.91,  48.88,  42.32,  44.17,  44.11,
        41.42,  42.81,  44.94,  46.18,  53.32,  65.37,  78.71,  89.51,
        93.06,  87.55,  82.28,  91.77,  88.17,  77.05,  69.01,  59.92,
        50.99,  45.45,  42.93,  38.64,  37.24,  41.94,  43.27,  44.04,
        50.44,  51.59,  55.04,  70.34,  96.06, 109.65, 114.63, 113.74])}",NA
5,,P60484,1,5BUG,6/3/2015,X-RAY DIFFRACTION,2.4,0.2106,YES,0.2159,NA,NA,NA,NA,Other ligands,"['L(+)-TARTARIC ACID, chain A,B,C,D']",A;B;C;D,"{'A': '[(14, 285)]', 'B': '[(14, 285)]', 'C': '[(14, 285)]', 'D': '[(14, 285)]'}",NA,"{'A': array([ 84.03,  85.86,  80.46,  72.76,  73.95,  82.26,  91.16,  73.88,
        78.66,  69.17,  64.73,  66.83,  57.17,  51.34,  43.7 ,  47.37,
        54.01,  52.39,  42.89,  45.32,  55.73,  63.92,  72.69,  88.52,
        94.98, 112.45, 126.86, 125.06, 111.59,  86.21,  95.22, 101.46,
       127.42, 128.86, 116.14, 105.74,  93.88,  94.3 ,  88.76,  75.09,
        73.71,  78.75,  75.83,  74.29,  83.98,  83.85,  75.65,  66.43,
        67.64,  70.5 ,  58.45,  65.66,  61.41,  62.51,  53.81,  54.57,
        49.88,  68.02,  81.61,  85.07,  75.61, 100.84,  99.69, 103.8 ,
        98.03, 113.77, 109.5 , 108.95, 122.23, 113.58,  93.04,  68.84,
        59.95,  59.9 ,  47.91,  49.19,  53.5 ,  64.27,  66.47,  56.46,
        48.85,  43.74,  42.92,  41.18,  44.23,  50.07,  53.8 ,  51.79,
        55.29,  51.01,  48.69,  52.  ,  55.39,  44.26,  53.78,  61.27,
        64.34,  63.97,  61.53,  72.9 ,  79.92,  79.67,  76.42,  66.14,
        57.23,  49.09,  52.95,  49.96,  51.39,  56.86,  68.11,  72.39,
        80.78,  83.13,  69.02,  49.15,  44.95,  47.62,  44.51,  47.32,
        46.72,  45.38,  44.98,  47.34,  50.59,  48.85,  52.97,  54.09,
        66.93,  54.37,  53.81,  53.18,  71.67,  63.96,  48.72,  56.28,
        52.35,  42.43,  43.08,  40.73,  39.12,  47.75,  49.46,  55.68,
        47.33,  53.12,  56.55,  64.68,  61.13,  65.21,  57.05,  48.79,
        43.65,  43.8 ,  43.49,  39.7 ,  45.89,  41.82,  41.3 ,  45.03,
        38.09,  41.81,  48.04,  49.74,  53.  ,  60.73,  64.58,  55.98,
        61.41,  81.69,  82.53,  86.96,  78.4 ,  78.58,  67.69,  76.08,
        66.86,  51.44,  57.81,  50.14,  46.67,  48.47,  49.24,  44.44,
        43.2 ,  45.15,  46.96,  52.85,  49.43,  48.51,  50.5 ,  59.44,
        63.49,  85.16,  91.06,  79.5 ,  72.97,  61.96,  61.81,  57.41,
        53.3 ,  48.13,  49.09,  45.3 ,  51.98,  59.8 ,  71.47,  82.96,
        67.21,  60.71,  47.84,  50.4 ,  53.61,  60.31,  75.69,  66.37,
        56.53,  49.42,  57.  ,  44.35,  51.09,  51.12,  55.18,  62.21,
        53.89,  47.14,  42.6 ,  43.78,  49.32,  49.59,  52.72,  57.35,
        48.29,  45.72,  41.67,  51.39,  53.9 ,  45.93,  46.74,  47.4 ,
        47.42,  43.14,  45.04,  46.79,  51.5 ,  69.17,  70.52,  62.56,
        89.42,  94.28,  98.7 , 100.91,  92.76,  75.69,  70.28,  66.45,
        51.54,  47.71,  41.25,  38.02,  36.63,  40.67,  43.73,  45.92,
        51.01,  49.07,  61.06,  93.6 , 118.52, 131.95, 129.44, 126.98]), 'B': array([118.08, 104.59, 100.28,  91.91,  86.28,  93.72,  96.97,  97.96,
       103.71, 106.9 ,  91.69,  68.49,  61.72,  56.24,  50.95,  48.02,
        52.28,  46.8 ,  49.04,  48.91,  62.54,  71.17,  79.38,  99.28,
       109.09, 118.85, 118.73,  92.83, 134.97, 159.43, 162.64, 157.55,
       134.77, 105.77, 122.33, 130.64, 122.17, 111.07, 102.92,  90.13,
        90.79,  96.36,  85.79,  73.17,  71.09,  78.47,  75.25,  69.63,
        93.09,  86.81,  77.82,  65.5 ,  52.34,  51.83,  47.24,  59.31,
        58.16,  70.41,  85.66, 108.56, 119.23, 125.88, 113.26, 113.27,
       116.29, 125.19, 122.49, 130.94, 141.12, 128.56,  98.34,  74.55,
        55.95,  56.41,  46.88,  54.54,  50.59,  63.44,  69.16,  67.53,
        52.27,  48.51,  43.33,  51.13,  47.53,  52.13,  44.92,  45.99,
        55.44,  47.9 ,  47.06,  47.39,  48.55,  46.43,  49.62,  55.84,
        59.72,  58.51,  58.95,  76.05,  77.05,  72.03,  75.38,  68.6 ,
        60.85,  58.87,  56.41,  55.95,  57.73,  70.46,  87.03,  96.4 ,
        88.25,  77.54,  72.22,  53.94,  48.66,  47.78,  45.44,  48.61,
        45.7 ,  43.39,  46.07,  43.43,  47.21,  51.27,  48.62,  51.77,
        60.42,  66.52,  64.11,  64.  ,  72.88,  62.85,  56.53,  59.68,
        54.18,  46.56,  49.93,  53.76,  52.64,  49.05,  55.5 ,  52.65,
        53.  ,  55.54,  64.62,  70.62,  66.07,  66.63,  63.34,  49.33,
        48.07,  45.64,  48.86,  50.8 ,  48.06,  45.01,  46.97,  43.31,
        37.93,  40.12,  47.37,  49.69,  50.34,  50.71,  54.08,  57.24,
        60.71,  65.52,  67.09,  62.67,  61.15,  59.99,  60.27,  67.76,
        59.41,  54.4 ,  55.79,  49.  ,  53.73,  50.36,  53.92,  52.84,
        44.98,  46.  ,  47.84,  54.86,  52.4 ,  53.79,  62.5 ,  69.25,
        75.89,  96.8 ,  96.45,  87.94,  83.88,  69.77,  65.45,  60.3 ,
        53.15,  49.52,  49.87,  48.09,  54.77,  62.96,  75.82,  83.7 ,
        66.61,  61.73,  52.56,  55.67,  63.16,  67.24,  87.71,  91.63,
        63.37,  55.18,  52.55,  46.27,  48.99,  48.35,  53.61,  61.31,
        48.52,  42.63,  41.43,  44.4 ,  49.02,  51.4 ,  59.35,  60.05,
        45.82,  48.17,  46.19,  47.06,  51.25,  47.16,  47.05,  51.18,
        48.69,  50.13,  52.41,  56.77,  61.97,  87.23, 109.57, 122.56,
       121.65, 107.39,  78.53, 110.17, 119.54, 119.56, 101.82,  78.92,
        62.12,  51.56,  48.14,  44.74,  42.5 ,  43.32,  42.04,  44.85,
        51.8 ,  51.13,  57.28,  73.58, 104.81, 120.81, 124.15, 110.65]), 'C': array([ 72.83,  76.31,  77.5 ,  63.54,  64.79,  83.78,  88.42,  67.31,
        63.16,  64.08,  63.63,  51.06,  53.39,  42.04,  43.59,  43.97,
        46.97,  42.6 ,  38.85,  43.05,  46.74,  56.8 ,  56.73,  67.06,
        68.78,  70.23,  87.57,  99.89, 103.03, 111.39, 125.17, 116.58,
       100.83,  90.32,  76.54,  72.27,  69.77,  66.57,  69.74,  66.74,
        64.09,  73.14,  59.15,  60.75,  68.34,  65.26,  57.63,  55.14,
        64.42,  63.69,  58.83,  53.27,  49.75,  48.92,  42.55,  48.82,
        46.72,  58.85,  64.54,  79.14,  83.  ,  78.76,  79.49,  97.93,
       100.45,  98.45,  81.6 ,  89.84,  97.12,  89.42,  82.24,  59.66,
        51.86,  53.61,  45.61,  53.65,  53.4 ,  58.13,  57.95,  59.51,
        51.39,  49.61,  44.67,  47.39,  43.32,  56.3 ,  49.35,  46.9 ,
        52.12,  44.44,  44.36,  44.66,  49.32,  43.84,  52.34,  56.93,
        58.01,  53.12,  55.71,  68.15,  61.8 ,  62.81,  59.2 ,  57.7 ,
        53.12,  50.23,  48.96,  45.75,  44.43,  50.53,  63.16,  78.08,
        78.54,  75.49,  66.11,  48.9 ,  48.5 ,  48.  ,  45.89,  44.02,
        45.82,  42.77,  43.3 ,  46.26,  46.7 ,  49.01,  50.05,  51.33,
        61.2 ,  61.26,  63.31,  55.15,  74.64,  62.17,  51.14,  54.36,
        51.71,  45.62,  46.74,  43.93,  41.8 ,  49.21,  45.95,  43.23,
        40.26,  45.4 ,  53.  ,  62.42,  60.22,  63.14,  59.54,  56.94,
        46.44,  41.82,  42.25,  41.41,  44.44,  41.44,  44.58,  43.24,
        41.35,  42.81,  43.11,  46.17,  50.42,  50.13,  57.08,  57.58,
        58.8 ,  68.72,  65.08,  71.65,  65.06,  80.16,  69.3 ,  74.52,
        65.22,  52.12,  50.8 ,  47.41,  50.06,  43.24,  41.95,  39.14,
        40.29,  45.17,  47.98,  53.11,  51.06,  58.37,  60.23,  72.53,
        76.21,  90.25,  89.03,  88.62,  73.35,  61.65,  68.09,  60.77,
        55.9 ,  50.91,  51.92,  48.67,  50.87,  59.91,  68.6 ,  80.51,
        65.74,  65.66,  53.56,  45.85,  54.29,  56.14,  75.14,  67.2 ,
        59.09,  55.86,  53.02,  47.07,  48.69,  51.8 ,  56.29,  55.54,
        41.78,  45.57,  41.8 ,  41.11,  49.07,  46.52,  58.72,  59.71,
        49.63,  44.51,  45.15,  44.94,  49.62,  47.16,  47.56,  45.23,
        47.14,  47.01,  47.43,  46.12,  57.55,  80.65,  83.01,  72.  ,
        96.07, 110.93, 113.55,  82.06,  86.82,  80.68,  81.18,  64.99,
        52.6 ,  46.68,  40.61,  38.31,  38.02,  38.83,  44.05,  49.36,
        48.92,  49.6 ,  57.06,  69.37,  88.31,  93.16,  88.55,  93.73]), 'D': array([ 78.31,  85.21,  74.59,  62.51,  60.3 ,  82.03,  93.81,  75.58,
        68.47,  66.1 ,  62.2 ,  56.12,  52.5 ,  52.13,  46.82,  49.02,
        50.18,  50.03,  42.08,  50.38,  43.  ,  46.48,  54.71,  63.97,
        77.01,  79.56, 102.11, 113.35, 118.54, 120.32, 125.59, 115.12,
       111.67,  95.53,  64.38,  64.29,  64.01,  67.39,  61.95,  56.14,
        59.97,  65.04,  61.95,  58.  ,  67.1 ,  69.02,  68.7 ,  64.98,
        74.65,  72.03,  59.15,  52.44,  50.88,  49.13,  46.19,  48.07,
        47.2 ,  59.29,  66.95,  83.15,  89.98,  87.24,  79.51,  89.75,
        92.62, 101.89, 101.59,  94.77, 104.28,  80.9 ,  78.09,  58.61,
        52.2 ,  54.36,  50.17,  47.42,  47.75,  63.91,  60.38,  59.99,
        51.03,  47.94,  42.77,  42.81,  42.5 ,  48.93,  42.52,  45.52,
        50.72,  48.31,  50.64,  49.  ,  52.76,  45.41,  49.7 ,  54.07,
        55.25,  56.44,  59.24,  62.94,  74.3 ,  62.09,  63.19,  55.45,
        56.35,  51.15,  51.05,  49.4 ,  40.89,  50.92,  63.03,  70.66,
        72.5 ,  76.93,  67.41,  51.98,  48.13,  43.6 ,  47.27,  44.44,
        45.3 ,  48.59,  42.69,  44.22,  49.1 ,  52.12,  53.85,  63.43,
        65.91,  60.91,  65.58,  59.3 ,  65.1 ,  60.45,  55.58,  62.89,
        49.77,  45.94,  46.51,  48.97,  45.57,  46.7 ,  45.81,  50.73,
        42.9 ,  52.77,  52.74,  64.67,  60.5 ,  62.95,  63.74,  57.58,
        44.81,  39.21,  40.25,  44.86,  46.94,  44.22,  44.94,  44.76,
        41.12,  43.34,  49.84,  54.65,  57.33,  55.26,  62.65,  57.13,
        66.37,  71.26,  76.12,  77.44,  68.58,  69.6 ,  58.65,  67.29,
        60.63,  54.32,  55.27,  50.81,  48.01,  45.3 ,  47.51,  48.25,
        46.61,  51.82,  49.18,  50.68,  49.68,  47.35,  57.56,  62.21,
        64.28,  87.16,  87.48,  81.18,  71.29,  59.62,  65.27,  60.61,
        52.36,  48.97,  49.01,  42.45,  52.6 ,  57.65,  71.27,  74.44,
        67.97,  62.65,  51.57,  50.08,  58.34,  57.32,  84.97,  82.67,
        70.95,  56.92,  54.87,  43.92,  42.62,  45.62,  52.26,  56.23,
        47.49,  45.75,  40.32,  45.75,  51.1 ,  47.13,  56.04,  52.66,
        44.33,  45.83,  43.72,  47.23,  51.76,  44.66,  43.35,  44.46,
        44.9 ,  45.71,  45.83,  43.13,  55.08,  77.57,  81.99,  71.36,
        88.18,  72.55,  64.25,  88.46,  89.46,  80.51,  81.23,  64.79,
        51.69,  49.83,  43.38,  39.99,  37.18,  41.57,  49.28,  50.25,
        51.27,  50.54,  54.7 ,  75.52,  86.79,  78.56,  98.77, 114.89])}",NA
6,,P60484,1,5BZX,6/11/2015,X-RAY DIFFRACTION,2.5,0.2037,YES,0.2157,NA,NA,NA,NA,Other ligands,"VANADATE ION, chain A,C;L(+)-TARTARIC ACID, chain B,C,D",A;B;C;D,"{'A': '[(14, 285)]', 'B': '[(14, 285)]', 'C': '[(14, 285)]', 'D': '[(14, 285)]'}",NA,"{'A': array([ 69.29,  72.85,  76.15,  67.03,  61.06,  72.21,  73.33,  72.81,
        75.18,  68.72,  65.7 ,  61.96,  51.18,  49.87,  41.09,  44.41,
        50.26,  49.16,  43.5 ,  44.38,  54.13,  60.98,  66.96,  83.67,
        86.61,  98.32, 115.49, 120.63, 120.92, 126.99, 127.05, 129.75,
       126.27, 121.13, 102.51, 102.38,  84.68,  82.43,  83.13,  73.76,
        86.18,  81.05,  71.22,  70.06,  77.9 ,  76.95,  64.04,  62.44,
        75.88,  75.7 ,  64.75,  63.48,  60.05,  55.39,  50.5 ,  48.37,
        45.92,  57.85,  66.47,  86.19,  95.38, 100.69,  91.25,  93.32,
        85.88,  97.63,  92.74,  82.16,  87.99,  92.21,  77.4 ,  63.19,
        56.6 ,  57.07,  48.02,  47.35,  49.37,  58.99,  62.13,  56.36,
        49.83,  42.71,  45.28,  41.46,  44.49,  46.93,  44.17,  46.26,
        50.85,  45.88,  47.38,  50.64,  55.6 ,  46.51,  55.11,  55.95,
        62.33,  60.53,  59.58,  71.68,  80.02,  69.76,  67.26,  58.81,
        55.91,  53.17,  50.12,  49.62,  49.69,  51.27,  60.55,  77.73,
        76.13,  73.5 ,  62.73,  44.82,  44.65,  43.65,  42.98,  44.96,
        41.06,  48.13,  47.41,  46.9 ,  48.09,  50.19,  53.36,  53.88,
        65.49,  61.03,  69.14,  61.24,  67.13,  58.07,  53.99,  48.58,
        50.18,  45.09,  44.08,  44.06,  43.31,  46.91,  47.84,  51.17,
        48.71,  51.45,  59.01,  59.95,  56.99,  58.06,  56.81,  49.47,
        43.45,  44.44,  42.8 ,  43.67,  42.25,  42.9 ,  41.71,  42.7 ,
        42.06,  45.78,  49.  ,  49.09,  48.09,  55.37,  57.7 ,  51.34,
        61.99,  73.51,  71.91,  72.66,  65.27,  69.97,  60.49,  61.99,
        50.99,  49.94,  54.57,  49.16,  55.12,  53.2 ,  53.91,  47.93,
        43.32,  41.94,  43.53,  49.12,  46.49,  50.3 ,  54.2 ,  62.26,
        70.39,  88.45,  89.31,  77.56,  68.46,  66.11,  66.44,  57.85,
        57.93,  49.65,  46.54,  44.69,  48.11,  52.96,  62.58,  79.7 ,
        63.14,  56.73,  49.25,  55.86,  66.32,  66.56,  82.9 ,  76.28,
        59.36,  46.81,  52.81,  47.85,  49.18,  48.37,  56.02,  59.96,
        44.69,  44.02,  43.94,  42.44,  51.39,  53.91,  60.67,  62.25,
        51.97,  47.88,  50.51,  45.57,  48.81,  43.46,  44.63,  43.35,
        41.19,  43.35,  45.94,  43.47,  53.08,  68.63,  83.72,  96.07,
        95.4 ,  90.16,  85.49,  89.2 ,  84.22,  74.61,  72.24,  63.65,
        52.18,  47.68,  44.74,  39.08,  38.74,  36.59,  44.44,  49.7 ,
        50.19,  47.03,  56.08,  81.33, 107.18, 124.08, 125.64, 128.18]), 'B': array([ 83.59,  81.45,  77.76,  71.6 ,  70.64,  82.75,  91.66,  92.68,
        86.71,  76.47,  70.58,  56.79,  56.07,  53.08,  47.64,  45.35,
        50.57,  49.82,  48.6 ,  45.57,  56.45,  60.85,  61.22,  73.88,
        81.33,  84.75, 105.44, 116.97, 105.49,  86.72, 107.52, 126.73,
       125.41, 116.49, 102.69,  88.45,  95.22,  94.01,  81.44,  71.51,
        75.46,  83.67,  70.37,  61.68,  66.64,  70.15,  68.83,  61.1 ,
        71.71,  68.31,  65.2 ,  57.8 ,  49.69,  51.02,  45.9 ,  52.55,
        53.37,  61.99,  75.35,  88.42,  92.15,  93.39,  78.8 ,  89.04,
        82.35,  85.12,  86.61,  76.89,  74.77,  81.83,  72.51,  50.51,
        46.86,  48.61,  44.59,  51.91,  48.42,  57.82,  63.45,  57.55,
        48.18,  40.48,  42.18,  45.5 ,  44.41,  47.99,  44.74,  46.11,
        53.01,  45.41,  45.09,  45.02,  53.21,  46.85,  51.46,  51.83,
        58.52,  56.79,  58.74,  74.28,  74.34,  66.35,  54.31,  57.7 ,
        53.36,  48.27,  47.92,  53.39,  50.42,  56.57,  65.26,  65.57,
        68.27,  65.19,  61.98,  54.42,  46.8 ,  45.63,  42.92,  43.87,
        42.01,  44.21,  43.31,  43.38,  44.2 ,  48.01,  46.06,  52.84,
        59.68,  56.98,  64.18,  62.78,  67.83,  60.15,  55.56,  58.93,
        53.36,  47.92,  47.19,  46.41,  46.15,  47.06,  44.05,  44.68,
        46.97,  49.89,  57.81,  68.76,  60.02,  59.55,  59.96,  48.86,
        44.08,  41.38,  44.18,  48.53,  45.71,  42.23,  42.06,  40.67,
        42.03,  44.84,  48.55,  46.99,  45.83,  51.78,  54.77,  51.71,
        53.63,  61.77,  64.73,  70.36,  57.53,  61.81,  58.16,  62.84,
        58.36,  53.52,  53.37,  49.32,  51.9 ,  48.28,  55.59,  51.56,
        44.  ,  46.35,  45.84,  52.09,  50.95,  53.48,  58.98,  67.68,
        70.51,  81.99,  88.09,  78.53,  69.24,  64.53,  62.67,  61.9 ,
        60.85,  53.85,  50.78,  47.58,  51.46,  52.94,  65.22,  75.15,
        65.25,  61.43,  46.75,  52.92,  65.14,  65.6 ,  94.83,  89.3 ,
        59.88,  51.94,  50.62,  42.12,  46.89,  49.05,  57.96,  56.65,
        47.46,  46.7 ,  44.2 ,  45.4 ,  51.59,  53.61,  60.22,  57.06,
        54.24,  50.03,  43.26,  42.42,  46.34,  48.59,  48.74,  48.77,
        47.93,  49.63,  51.01,  53.26,  64.5 ,  81.02,  89.68, 104.8 ,
       120.43, 127.2 , 126.31, 122.28, 115.37, 108.76,  97.13,  77.69,
        58.3 ,  47.89,  46.93,  41.62,  40.42,  41.53,  43.95,  45.79,
        47.61,  50.47,  56.59,  81.87, 121.64, 137.01, 109.4 , 105.2 ]), 'C': array([ 63.3 ,  70.6 ,  74.73,  64.75,  59.4 ,  68.91,  68.89,  66.47,
        65.29,  64.71,  58.5 ,  48.54,  45.03,  38.35,  40.51,  39.77,
        42.84,  42.27,  40.34,  37.65,  41.79,  48.75,  51.29,  64.15,
        67.66,  71.08,  97.56,  95.9 , 108.84, 124.88, 135.01, 112.57,
       105.45,  92.84,  77.49,  72.1 ,  65.22,  69.  ,  64.09,  64.59,
        62.04,  69.23,  57.59,  55.87,  70.74,  72.92,  66.05,  52.38,
        68.83,  58.31,  54.47,  50.77,  45.79,  43.15,  38.6 ,  45.81,
        42.56,  49.15,  61.89,  78.73,  85.41,  87.66,  72.42,  83.19,
        78.39,  81.42,  69.98,  65.14,  67.24,  67.03,  64.16,  48.56,
        46.65,  48.87,  43.16,  48.92,  46.07,  57.16,  59.5 ,  57.19,
        52.35,  43.14,  42.16,  41.52,  41.11,  44.62,  42.44,  44.56,
        48.26,  46.29,  46.09,  44.85,  54.1 ,  47.06,  58.38,  54.29,
        57.88,  52.54,  54.17,  60.45,  64.58,  63.52,  62.54,  59.69,
        49.05,  47.  ,  44.12,  44.98,  43.26,  48.73,  55.82,  59.6 ,
        67.58,  65.94,  63.87,  50.49,  47.45,  46.04,  43.34,  43.04,
        42.79,  41.54,  38.37,  41.59,  43.61,  48.1 ,  49.93,  51.98,
        61.08,  56.4 ,  63.59,  55.86,  65.9 ,  56.14,  56.36,  57.43,
        52.53,  47.35,  43.63,  46.83,  42.22,  45.88,  43.76,  47.16,
        43.74,  46.19,  51.15,  54.17,  50.71,  54.37,  53.03,  50.3 ,
        45.2 ,  41.54,  37.48,  41.7 ,  43.78,  46.52,  42.24,  45.85,
        43.08,  41.3 ,  49.43,  47.44,  49.41,  52.03,  51.74,  54.11,
        63.62,  68.98,  69.56,  70.15,  66.57,  77.  ,  65.69,  69.19,
        57.66,  50.39,  51.29,  50.16,  52.61,  46.92,  47.05,  44.71,
        42.27,  43.15,  43.95,  50.26,  45.36,  49.22,  52.07,  68.57,
        75.58,  91.48,  89.24,  84.9 ,  72.8 ,  68.02,  78.1 ,  59.93,
        59.43,  48.48,  49.72,  47.4 ,  47.58,  55.22,  62.19,  69.29,
        57.4 ,  57.36,  47.57,  47.1 ,  53.24,  54.13,  76.36,  69.31,
        54.26,  53.43,  50.95,  46.  ,  43.7 ,  46.13,  52.23,  57.83,
        43.2 ,  46.72,  41.92,  40.95,  51.85,  46.64,  53.92,  56.16,
        49.05,  44.84,  48.97,  47.3 ,  46.65,  44.64,  46.01,  45.34,
        45.49,  47.  ,  51.87,  50.12,  62.7 ,  86.43, 100.63, 115.19,
       119.74, 113.15, 131.77, 132.74, 110.36,  91.81,  84.53,  65.97,
        53.89,  48.36,  46.01,  39.37,  40.34,  40.87,  43.13,  53.68,
        51.58,  47.07,  58.7 ,  72.45, 105.75, 124.31, 123.06, 123.81]), 'D': array([ 76.79,  74.13,  76.04,  60.47,  57.44,  74.86,  84.75,  78.86,
        69.73,  60.22,  61.16,  54.52,  51.68,  47.99,  42.44,  45.04,
        45.68,  53.58,  44.92,  47.96,  46.08,  50.01,  53.1 ,  58.97,
        62.58,  65.32,  93.35, 117.74, 129.81, 127.34, 125.9 , 110.19,
       104.54,  81.46,  70.56,  70.31,  67.95,  71.31,  60.19,  57.44,
        58.96,  62.14,  56.96,  54.75,  62.74,  63.05,  66.83,  56.36,
        63.65,  60.01,  58.24,  54.3 ,  49.53,  48.36,  42.07,  42.52,
        44.36,  56.46,  60.34,  81.54,  89.22,  77.96,  67.16,  76.  ,
        70.  ,  76.47,  75.22,  64.64,  66.14,  65.33,  60.16,  52.62,
        54.37,  55.01,  51.5 ,  48.87,  44.85,  53.42,  57.21,  55.3 ,
        48.93,  41.21,  41.66,  42.13,  44.16,  45.85,  47.18,  45.8 ,
        51.35,  48.23,  49.26,  49.22,  50.27,  47.28,  54.91,  55.3 ,
        56.67,  55.01,  57.55,  67.1 ,  73.3 ,  69.3 ,  72.25,  66.7 ,
        55.98,  54.39,  45.28,  45.73,  41.5 ,  45.95,  56.12,  60.07,
        69.45,  64.87,  56.13,  46.31,  40.58,  43.49,  42.07,  43.13,
        43.93,  43.24,  46.13,  42.9 ,  46.06,  48.39,  46.52,  50.25,
        58.82,  58.13,  63.42,  57.11,  65.  ,  59.86,  50.27,  57.83,
        57.02,  48.82,  45.12,  48.2 ,  45.08,  46.54,  45.03,  47.95,
        42.41,  48.63,  49.7 ,  61.27,  60.18,  58.71,  58.52,  47.71,
        40.82,  36.77,  37.44,  40.73,  40.95,  38.23,  42.78,  46.02,
        44.25,  46.49,  44.81,  53.28,  55.83,  57.91,  60.99,  55.28,
        58.11,  64.64,  67.91,  68.61,  66.47,  60.54,  60.55,  62.8 ,
        60.07,  57.37,  57.52,  54.75,  52.95,  46.54,  46.92,  48.19,
        43.72,  50.32,  47.25,  51.7 ,  48.26,  53.93,  54.05,  64.01,
        69.3 ,  84.97,  88.8 ,  79.57,  72.59,  67.47,  67.34,  58.67,
        55.59,  49.34,  47.35,  41.9 ,  52.63,  56.27,  75.81,  81.36,
        64.17,  64.04,  55.3 ,  52.76,  57.87,  54.81,  76.44,  69.73,
        57.05,  46.03,  45.86,  39.25,  39.79,  44.33,  53.68,  53.66,
        44.76,  44.36,  41.95,  48.29,  53.62,  52.45,  64.04,  53.84,
        48.27,  50.91,  42.88,  44.43,  47.06,  41.68,  45.41,  49.27,
        43.24,  42.41,  46.82,  44.68,  55.35,  74.22,  99.71, 120.32,
       130.97, 138.09, 134.81, 122.49, 107.16,  87.2 ,  82.69,  63.42,
        52.8 ,  46.42,  43.24,  38.38,  38.04,  41.02,  47.94,  49.95,
        51.5 ,  50.11,  62.82,  94.14, 117.13, 137.07, 136.42, 143.45])}",NA
7,,P60484,1,7-Jul,8/20/2020,X-RAY DIFFRACTION,2.53,0.2339,YES,0.2389,NA,NA,NA,NA,NA,NA,A,"{'A': '[(7, 281)]'}",NA,"{'A': array([ 80.1 ,  90.69,  94.69, 112.07, 128.34, 105.82, 105.  ,  93.89,
        98.43, 115.88, 125.74, 105.87,  98.34, 100.29, 106.  , 102.98,
        97.01,  77.88,  69.34,  57.86,  68.9 ,  62.65,  72.77,  76.43,
        67.76,  61.59,  55.9 ,  63.07,  66.3 ,  67.26,  79.86,  75.91,
        77.05, 106.55, 121.21, 109.28, 110.73, 100.3 , 111.74, 108.82,
        95.57,  88.26,  99.5 ,  85.32,  95.5 ,  92.49,  82.25,  96.4 ,
        91.  ,  81.71,  84.35,  97.79,  96.71,  88.91,  88.38, 102.68,
        92.81,  89.85,  79.05,  71.86,  60.15,  53.  ,  52.51,  47.41,
        61.02,  65.37,  80.7 , 102.65, 113.19,  93.6 ,  99.36,  96.86,
       101.2 ,  97.51,  90.31, 128.05, 120.77, 108.69,  75.38,  59.95,
        57.82,  52.05,  48.77,  49.39,  57.45,  60.53,  60.91,  52.87,
        47.52,  44.79,  42.57,  49.58,  51.79,  48.5 ,  53.47,  58.44,
        54.42,  55.78,  59.77,  58.19,  56.54,  62.41,  65.09,  73.53,
        65.48,  70.53,  79.42,  99.26, 110.84, 101.66,  91.68,  82.61,
        72.1 ,  64.62,  59.66,  59.69,  57.91,  65.03,  86.6 ,  83.54,
        71.57,  65.3 ,  55.12,  54.87,  55.54,  58.73,  53.49,  62.58,
        56.74,  55.67,  53.85,  59.81,  56.08,  54.77,  62.97,  67.45,
        74.31,  67.31,  56.98,  67.06,  72.8 ,  64.24,  65.11,  65.13,
        51.57,  57.29,  70.71,  60.25,  63.95,  69.62,  67.49,  64.22,
        70.85,  83.52, 100.34,  79.82, 104.21,  86.35,  70.79,  55.18,
        54.82,  45.59,  47.21,  50.36,  45.15,  48.18,  45.45,  51.62,
        54.59,  61.72,  58.74,  60.1 ,  58.12,  58.92,  60.31,  65.41,
        90.6 ,  86.7 , 100.07,  81.7 ,  75.53,  58.59,  72.12,  63.96,
        55.78,  53.83,  53.12,  49.67,  52.29,  58.78,  52.61,  55.91,
        56.35,  46.24,  50.58,  48.95,  50.72,  55.29,  56.48,  60.6 ,
        69.22,  66.83,  72.63,  63.73,  58.65,  62.87,  60.69,  54.19,
        46.87,  46.35,  42.83,  46.53,  56.62,  76.8 ,  71.09,  65.43,
        62.04,  54.99,  51.97,  54.73,  60.35,  83.46,  83.21,  58.83,
        45.13,  51.72,  44.02,  47.86,  52.75,  67.45,  67.61,  55.  ,
        48.36,  48.41,  49.45,  58.76,  68.58,  73.93,  70.75,  48.55,
        50.32,  57.25,  45.53,  51.85,  44.54,  48.32,  51.44,  48.45,
        47.87,  49.49,  48.1 ,  60.55,  57.23,  76.3 ,  95.5 , 116.79,
       133.44, 109.29, 131.15, 105.59,  76.18,  61.43,  60.26,  45.34,
        43.09,  46.16,  42.66,  47.83,  50.53,  51.8 ,  52.19,  63.36,
        63.15,  62.78,  95.24])}",NA
8,,P60484,1,7-Jul,8/20/2020,X-RAY DIFFRACTION,2.53,0.2339,YES,0.2389,NA,NA,NA,NA,NA,NA,A,"{'A': '[(7, 281)]'}",NA,"{'A': array([ 80.1 ,  90.69,  94.69, 112.07, 128.34, 105.82, 105.  ,  93.89,
        98.43, 115.88, 125.74, 105.87,  98.34, 100.29, 106.  , 102.98,
        97.01,  77.88,  69.34,  57.86,  68.9 ,  62.65,  72.77,  76.43,
        67.76,  61.59,  55.9 ,  63.07,  66.3 ,  67.26,  79.86,  75.91,
        77.05, 106.55, 121.21, 109.28, 110.73, 100.3 , 111.74, 108.82,
        95.57,  88.26,  99.5 ,  85.32,  95.5 ,  92.49,  82.25,  96.4 ,
        91.  ,  81.71,  84.35,  97.79,  96.71,  88.91,  88.38, 102.68,
        92.81,  89.85,  79.05,  71.86,  60.15,  53.  ,  52.51,  47.41,
        61.02,  65.37,  80.7 , 102.65, 113.19,  93.6 ,  99.36,  96.86,
       101.2 ,  97.51,  90.31, 128.05, 120.77, 108.69,  75.38,  59.95,
        57.82,  52.05,  48.77,  49.39,  57.45,  60.53,  60.91,  52.87,
        47.52,  44.79,  42.57,  49.58,  51.79,  48.5 ,  53.47,  58.44,
        54.42,  55.78,  59.77,  58.19,  56.54,  62.41,  65.09,  73.53,
        65.48,  70.53,  79.42,  99.26, 110.84, 101.66,  91.68,  82.61,
        72.1 ,  64.62,  59.66,  59.69,  57.91,  65.03,  86.6 ,  83.54,
        71.57,  65.3 ,  55.12,  54.87,  55.54,  58.73,  53.49,  62.58,
        56.74,  55.67,  53.85,  59.81,  56.08,  54.77,  62.97,  67.45,
        74.31,  67.31,  56.98,  67.06,  72.8 ,  64.24,  65.11,  65.13,
        51.57,  57.29,  70.71,  60.25,  63.95,  69.62,  67.49,  64.22,
        70.85,  83.52, 100.34,  79.82, 104.21,  86.35,  70.79,  55.18,
        54.82,  45.59,  47.21,  50.36,  45.15,  48.18,  45.45,  51.62,
        54.59,  61.72,  58.74,  60.1 ,  58.12,  58.92,  60.31,  65.41,
        90.6 ,  86.7 , 100.07,  81.7 ,  75.53,  58.59,  72.12,  63.96,
        55.78,  53.83,  53.12,  49.67,  52.29,  58.78,  52.61,  55.91,
        56.35,  46.24,  50.58,  48.95,  50.72,  55.29,  56.48,  60.6 ,
        69.22,  66.83,  72.63,  63.73,  58.65,  62.87,  60.69,  54.19,
        46.87,  46.35,  42.83,  46.53,  56.62,  76.8 ,  71.09,  65.43,
        62.04,  54.99,  51.97,  54.73,  60.35,  83.46,  83.21,  58.83,
        45.13,  51.72,  44.02,  47.86,  52.75,  67.45,  67.61,  55.  ,
        48.36,  48.41,  49.45,  58.76,  68.58,  73.93,  70.75,  48.55,
        50.32,  57.25,  45.53,  51.85,  44.54,  48.32,  51.44,  48.45,
        47.87,  49.49,  48.1 ,  60.55,  57.23,  76.3 ,  95.5 , 116.79,
       133.44, 109.29, 131.15, 105.59,  76.18,  61.43,  60.26,  45.34,
        43.09,  46.16,  42.66,  47.83,  50.53,  51.8 ,  52.19,  63.36,
        63.15,  62.78,  95.24])}",NA
9,,P60484,1,7JUK,8/19/2020,X-RAY DIFFRACTION,3.15,0.2889,YES,0.2606,NA,NA,NA,NA,Other ligands,"['PHOSPHATE ION, chain A']",A,"{'A': '[(7, 281)]'}",NA,"{'A': array([160.44, 141.03, 113.61, 106.97, 129.62, 137.41, 142.83, 142.58,
       137.56, 124.16, 114.79, 121.87, 143.44, 128.87, 133.6 , 135.79,
       120.68, 113.1 ,  87.98,  84.05,  85.63,  95.52,  93.76,  92.8 ,
        89.36,  82.36,  85.97,  77.32,  78.34,  97.81, 104.12,  90.41,
        96.57, 126.54, 131.08, 148.79, 154.28, 140.45, 148.84, 135.37,
       115.04, 106.14, 121.86, 115.64, 120.24, 127.11, 113.31, 116.45,
       117.6 , 105.77,  97.37, 112.72, 120.9 , 107.48, 108.47, 124.86,
       106.86, 113.79,  92.38,  92.16,  83.06,  78.36,  76.82,  76.49,
        90.33, 103.56, 113.92, 110.78, 138.38, 120.34, 123.98, 112.47,
       112.3 , 111.56, 123.2 , 145.71, 156.92, 124.92,  93.31,  75.41,
        80.09,  70.35,  71.87,  72.95,  78.82,  79.86,  77.78,  69.65,
        71.33,  65.88,  72.87,  75.35,  79.46,  74.7 ,  84.45,  73.36,
        73.98,  71.47,  78.03,  81.62,  79.61,  82.62,  91.32,  97.69,
        82.59,  98.93, 113.85, 131.37, 126.9 , 122.19, 111.68,  96.16,
        91.45,  82.61,  82.34,  86.28,  81.82,  85.5 ,  95.24, 108.53,
       109.51,  97.88,  92.3 ,  84.51,  77.53,  68.54,  69.39,  71.05,
        67.25,  65.06,  71.14,  73.11,  67.7 ,  73.6 ,  90.98,  89.95,
        79.86,  85.56,  82.89,  96.82,  98.55,  87.97,  90.29, 105.8 ,
        84.06,  83.51,  89.47,  87.16,  87.26,  95.95,  94.33,  85.4 ,
        94.25, 114.94, 130.45, 113.92, 120.68, 116.65,  92.45,  84.14,
        81.65,  69.46,  63.88,  74.81,  73.41,  71.69,  74.28,  77.04,
        79.59,  85.03,  67.78,  77.58,  76.96,  85.97,  80.03,  89.34,
        96.19, 100.96, 109.1 ,  94.27,  90.44,  86.17,  99.75,  89.09,
        79.31,  76.74,  72.33,  78.64,  70.63,  82.89,  81.57,  72.45,
        74.01,  76.45,  79.96,  75.53,  93.5 ,  86.74,  80.08,  83.85,
        95.97,  98.05, 106.19, 100.38,  94.52,  94.68,  83.2 ,  75.63,
        67.09,  74.48,  71.95,  67.16,  79.8 ,  93.87,  97.41,  86.99,
       100.11,  83.53,  73.04,  69.92,  77.84, 109.79, 117.57,  89.42,
        73.34,  74.76,  72.61,  89.5 ,  78.25,  83.94,  92.27,  79.25,
        69.11,  66.67,  67.7 ,  84.09,  84.84,  99.59,  97.34,  80.28,
        79.96,  67.  ,  70.73,  68.45,  73.98,  69.05,  71.89,  70.2 ,
        68.19,  74.73,  67.5 ,  68.08,  80.61, 103.46, 121.31, 149.36,
       176.41, 156.73, 170.53, 137.62,  97.98,  93.42,  89.85,  79.6 ,
        67.13,  68.41,  66.4 ,  68.8 ,  78.86,  69.3 ,  68.5 ,  82.51,
        88.09, 102.75, 149.95])}",NA
10,,P60484,1,7JUK,8/19/2020,X-RAY DIFFRACTION,3.15,0.2889,YES,0.2606,NA,NA,NA,NA,Other ligands,"['PHOSPHATE ION, chain A']",A,"{'A': '[(7, 281)]'}",NA,"{'A': array([160.44, 141.03, 113.61, 106.97, 129.62, 137.41, 142.83, 142.58,
       137.56, 124.16, 114.79, 121.87, 143.44, 128.87, 133.6 , 135.79,
       120.68, 113.1 ,  87.98,  84.05,  85.63,  95.52,  93.76,  92.8 ,
        89.36,  82.36,  85.97,  77.32,  78.34,  97.81, 104.12,  90.41,
        96.57, 126.54, 131.08, 148.79, 154.28, 140.45, 148.84, 135.37,
       115.04, 106.14, 121.86, 115.64, 120.24, 127.11, 113.31, 116.45,
       117.6 , 105.77,  97.37, 112.72, 120.9 , 107.48, 108.47, 124.86,
       106.86, 113.79,  92.38,  92.16,  83.06,  78.36,  76.82,  76.49,
        90.33, 103.56, 113.92, 110.78, 138.38, 120.34, 123.98, 112.47,
       112.3 , 111.56, 123.2 , 145.71, 156.92, 124.92,  93.31,  75.41,
        80.09,  70.35,  71.87,  72.95,  78.82,  79.86,  77.78,  69.65,
        71.33,  65.88,  72.87,  75.35,  79.46,  74.7 ,  84.45,  73.36,
        73.98,  71.47,  78.03,  81.62,  79.61,  82.62,  91.32,  97.69,
        82.59,  98.93, 113.85, 131.37, 126.9 , 122.19, 111.68,  96.16,
        91.45,  82.61,  82.34,  86.28,  81.82,  85.5 ,  95.24, 108.53,
       109.51,  97.88,  92.3 ,  84.51,  77.53,  68.54,  69.39,  71.05,
        67.25,  65.06,  71.14,  73.11,  67.7 ,  73.6 ,  90.98,  89.95,
        79.86,  85.56,  82.89,  96.82,  98.55,  87.97,  90.29, 105.8 ,
        84.06,  83.51,  89.47,  87.16,  87.26,  95.95,  94.33,  85.4 ,
        94.25, 114.94, 130.45, 113.92, 120.68, 116.65,  92.45,  84.14,
        81.65,  69.46,  63.88,  74.81,  73.41,  71.69,  74.28,  77.04,
        79.59,  85.03,  67.78,  77.58,  76.96,  85.97,  80.03,  89.34,
        96.19, 100.96, 109.1 ,  94.27,  90.44,  86.17,  99.75,  89.09,
        79.31,  76.74,  72.33,  78.64,  70.63,  82.89,  81.57,  72.45,
        74.01,  76.45,  79.96,  75.53,  93.5 ,  86.74,  80.08,  83.85,
        95.97,  98.05, 106.19, 100.38,  94.52,  94.68,  83.2 ,  75.63,
        67.09,  74.48,  71.95,  67.16,  79.8 ,  93.87,  97.41,  86.99,
       100.11,  83.53,  73.04,  69.92,  77.84, 109.79, 117.57,  89.42,
        73.34,  74.76,  72.61,  89.5 ,  78.25,  83.94,  92.27,  79.25,
        69.11,  66.67,  67.7 ,  84.09,  84.84,  99.59,  97.34,  80.28,
        79.96,  67.  ,  70.73,  68.45,  73.98,  69.05,  71.89,  70.2 ,
        68.19,  74.73,  67.5 ,  68.08,  80.61, 103.46, 121.31, 149.36,
       176.41, 156.73, 170.53, 137.62,  97.98,  93.42,  89.85,  79.6 ,
        67.13,  68.41,  66.4 ,  68.8 ,  78.86,  69.3 ,  68.5 ,  82.51,
        88.09, 102.75, 149.95])}",NA
11,,P60484,1,7JVX,8/24/2020,X-RAY DIFFRACTION,3.2,0.2965,YES,0.311,NA,NA,NA,NA,Other ligands,"['PHOSPHATE ION, chain A']",A,"{'A': '[(7, 282)]'}",NA,"{'A': array([100.22,  99.11, 118.87, 122.36, 126.25, 138.22, 150.03, 134.83,
       135.  , 134.05, 137.6 , 137.23, 131.57, 141.96, 149.76, 135.33,
       125.89, 103.42,  85.93,  82.03,  87.21,  89.23,  99.61, 103.9 ,
        81.97,  70.8 ,  78.08,  81.19,  78.2 ,  81.28,  98.19,  90.09,
        95.26, 132.86, 136.04, 133.34, 133.07, 129.93, 125.92, 127.41,
       128.95, 126.53, 131.38, 138.59, 121.04, 125.39, 104.14, 107.54,
       111.98, 120.5 , 123.68, 122.16, 107.11, 117.75, 120.96, 128.89,
       131.17, 113.12, 103.12, 105.48,  98.82,  69.8 ,  66.34,  69.27,
        85.41, 100.04, 119.99, 123.24, 132.38, 114.26, 118.08, 108.19,
       115.14, 123.63, 144.45, 149.75, 144.31, 111.15,  96.05,  84.8 ,
        78.01,  67.23,  73.27,  73.93,  90.35,  79.89,  70.8 ,  65.96,
        65.31,  66.08,  66.78,  66.02,  62.38,  61.44,  65.73,  69.33,
        72.58,  73.7 ,  81.06,  78.04,  77.08,  84.88,  94.91, 103.61,
        90.15,  96.12, 106.81, 118.55, 118.67, 121.53, 120.89, 106.34,
        88.19,  82.14,  71.64,  77.11,  72.52,  82.08,  89.28,  99.36,
        99.82,  94.09,  80.33,  68.9 ,  61.8 ,  65.06,  69.54,  78.98,
        69.11,  70.59,  79.81,  83.21,  67.41,  74.15,  77.92,  87.44,
        95.1 ,  90.21,  85.26, 100.21,  94.42,  88.9 , 101.95,  96.16,
        80.42,  91.1 ,  97.53,  95.68,  89.48,  96.98,  99.86,  86.55,
        92.08, 106.73, 112.17, 100.02, 107.12, 104.29,  93.34,  85.75,
        80.13,  73.7 ,  61.73,  72.07,  67.88,  67.27,  69.29,  75.33,
        67.39,  69.31,  70.15,  72.47,  73.76,  77.11,  69.46,  81.79,
        98.43, 109.83, 112.4 ,  88.22,  77.53,  76.47,  92.89,  79.59,
        73.36,  69.9 ,  69.45,  66.69,  68.05,  73.59,  67.64,  67.6 ,
        75.69,  71.13,  84.66,  64.18,  72.44,  74.73,  73.85,  79.37,
        90.39,  92.19,  93.9 ,  94.71,  88.66,  88.38,  76.19,  76.75,
        63.1 ,  65.65,  55.71,  60.2 ,  65.43,  69.23,  70.78,  73.92,
        78.85,  67.56,  65.22,  71.39,  79.87, 110.23, 110.91,  82.7 ,
        65.4 ,  64.56,  65.37,  70.83,  74.69,  77.63,  89.26,  80.84,
        61.4 ,  60.55,  63.43,  74.95,  84.76,  89.65,  79.31,  66.47,
        70.52,  71.51,  67.05,  64.12,  67.24,  65.82,  62.6 ,  60.12,
        58.26,  71.67,  66.82,  74.92,  80.  ,  97.62, 113.14, 145.85,
       166.37, 166.73, 166.69, 145.13, 107.19,  96.89,  79.01,  62.46,
        56.01,  61.65,  59.49,  64.22,  68.03,  71.62,  76.33,  78.55,
        85.34,  79.74, 109.38, 110.62])}",NA
12,,P60484,1,7JVX,8/24/2020,X-RAY DIFFRACTION,3.2,0.2965,YES,0.311,NA,NA,NA,NA,Other ligands,"['PHOSPHATE ION, chain A']",A,"{'A': '[(7, 282)]'}",NA,"{'A': array([100.22,  99.11, 118.87, 122.36, 126.25, 138.22, 150.03, 134.83,
       135.  , 134.05, 137.6 , 137.23, 131.57, 141.96, 149.76, 135.33,
       125.89, 103.42,  85.93,  82.03,  87.21,  89.23,  99.61, 103.9 ,
        81.97,  70.8 ,  78.08,  81.19,  78.2 ,  81.28,  98.19,  90.09,
        95.26, 132.86, 136.04, 133.34, 133.07, 129.93, 125.92, 127.41,
       128.95, 126.53, 131.38, 138.59, 121.04, 125.39, 104.14, 107.54,
       111.98, 120.5 , 123.68, 122.16, 107.11, 117.75, 120.96, 128.89,
       131.17, 113.12, 103.12, 105.48,  98.82,  69.8 ,  66.34,  69.27,
        85.41, 100.04, 119.99, 123.24, 132.38, 114.26, 118.08, 108.19,
       115.14, 123.63, 144.45, 149.75, 144.31, 111.15,  96.05,  84.8 ,
        78.01,  67.23,  73.27,  73.93,  90.35,  79.89,  70.8 ,  65.96,
        65.31,  66.08,  66.78,  66.02,  62.38,  61.44,  65.73,  69.33,
        72.58,  73.7 ,  81.06,  78.04,  77.08,  84.88,  94.91, 103.61,
        90.15,  96.12, 106.81, 118.55, 118.67, 121.53, 120.89, 106.34,
        88.19,  82.14,  71.64,  77.11,  72.52,  82.08,  89.28,  99.36,
        99.82,  94.09,  80.33,  68.9 ,  61.8 ,  65.06,  69.54,  78.98,
        69.11,  70.59,  79.81,  83.21,  67.41,  74.15,  77.92,  87.44,
        95.1 ,  90.21,  85.26, 100.21,  94.42,  88.9 , 101.95,  96.16,
        80.42,  91.1 ,  97.53,  95.68,  89.48,  96.98,  99.86,  86.55,
        92.08, 106.73, 112.17, 100.02, 107.12, 104.29,  93.34,  85.75,
        80.13,  73.7 ,  61.73,  72.07,  67.88,  67.27,  69.29,  75.33,
        67.39,  69.31,  70.15,  72.47,  73.76,  77.11,  69.46,  81.79,
        98.43, 109.83, 112.4 ,  88.22,  77.53,  76.47,  92.89,  79.59,
        73.36,  69.9 ,  69.45,  66.69,  68.05,  73.59,  67.64,  67.6 ,
        75.69,  71.13,  84.66,  64.18,  72.44,  74.73,  73.85,  79.37,
        90.39,  92.19,  93.9 ,  94.71,  88.66,  88.38,  76.19,  76.75,
        63.1 ,  65.65,  55.71,  60.2 ,  65.43,  69.23,  70.78,  73.92,
        78.85,  67.56,  65.22,  71.39,  79.87, 110.23, 110.91,  82.7 ,
        65.4 ,  64.56,  65.37,  70.83,  74.69,  77.63,  89.26,  80.84,
        61.4 ,  60.55,  63.43,  74.95,  84.76,  89.65,  79.31,  66.47,
        70.52,  71.51,  67.05,  64.12,  67.24,  65.82,  62.6 ,  60.12,
        58.26,  71.67,  66.82,  74.92,  80.  ,  97.62, 113.14, 145.85,
       166.37, 166.73, 166.69, 145.13, 107.19,  96.89,  79.01,  62.46,
        56.01,  61.65,  59.49,  64.22,  68.03,  71.62,  76.33,  78.55,
        85.34,  79.74, 109.38, 110.62])}",NA
13,,P60484,1,7JTX,8/18/2020,X-RAY DIFFRACTION,3.23,0.2629,YES,0.253,NA,NA,NA,NA,NA,NA,A,"{'A': '[(83, 282)]'}",NA,"{'A': array([139.25, 131.13, 112.44,  97.99,  90.16,  81.05,  90.29,  87.34,
        92.52,  98.82, 106.81,  85.71,  75.85,  77.85,  79.4 ,  87.93,
        90.01,  78.35,  88.  ,  83.92,  87.67,  85.55,  91.66,  94.59,
        89.1 , 101.78, 108.72, 114.24, 107.13, 115.26, 122.43, 140.05,
       149.9 , 160.32, 145.69, 129.12, 115.95, 103.61, 102.5 ,  95.92,
       117.38, 120.54, 126.82, 136.92, 129.91, 128.63, 110.42,  93.37,
        92.57,  96.54,  95.14,  90.71,  86.23,  90.32,  87.17,  92.1 ,
        90.04,  88.12,  93.38, 104.79,  96.69,  96.75,  92.22, 106.03,
       109.2 ,  82.62, 103.2 , 110.35, 102.87, 104.87, 113.25, 112.5 ,
       111.78, 125.76, 125.95, 121.7 , 136.01, 139.92, 143.55, 142.43,
       132.17, 131.57, 112.67, 111.71, 102.16,  86.77,  82.37,  78.77,
        78.05,  70.46,  72.53,  76.34,  73.81,  76.87,  72.89,  85.3 ,
        86.13,  93.11,  90.48,  94.43, 105.74, 113.2 , 116.09, 113.75,
       111.02,  94.76,  88.69,  86.22,  82.04,  72.09,  69.05,  73.18,
        77.65,  75.7 ,  76.09,  78.88,  71.41,  74.1 ,  85.59,  87.66,
        79.26,  88.35,  91.73,  91.62, 104.76, 104.29,  99.3 , 104.05,
       100.63, 105.31,  94.71,  95.38,  85.26,  77.22,  64.21,  68.42,
        87.52, 107.09, 109.27,  93.71,  89.45,  70.96,  76.69,  83.59,
        87.97, 106.08, 109.59,  91.72,  78.69,  78.56,  75.66,  75.37,
        86.75,  92.69,  94.16,  83.43,  76.1 ,  76.68,  73.9 ,  74.68,
        81.64,  94.42,  84.48,  77.86,  74.48,  71.95,  76.9 ,  73.45,
        69.71,  69.78,  73.16,  71.25,  71.51,  81.79,  75.65,  85.11,
        94.02, 113.27, 129.86, 148.  , 156.4 , 158.21, 147.9 , 139.29,
       110.46, 104.54,  91.82,  82.25,  65.07,  73.85,  80.36,  70.9 ,
        75.28,  77.54,  79.76,  82.93,  83.56,  88.5 , 113.34, 136.  ])}",NA
14,,P60484,1,7JTX,8/18/2020,X-RAY DIFFRACTION,3.23,0.2629,YES,0.253,NA,NA,NA,NA,NA,NA,A,"{'A': '[(83, 282)]'}",NA,"{'A': array([139.25, 131.13, 112.44,  97.99,  90.16,  81.05,  90.29,  87.34,
        92.52,  98.82, 106.81,  85.71,  75.85,  77.85,  79.4 ,  87.93,
        90.01,  78.35,  88.  ,  83.92,  87.67,  85.55,  91.66,  94.59,
        89.1 , 101.78, 108.72, 114.24, 107.13, 115.26, 122.43, 140.05,
       149.9 , 160.32, 145.69, 129.12, 115.95, 103.61, 102.5 ,  95.92,
       117.38, 120.54, 126.82, 136.92, 129.91, 128.63, 110.42,  93.37,
        92.57,  96.54,  95.14,  90.71,  86.23,  90.32,  87.17,  92.1 ,
        90.04,  88.12,  93.38, 104.79,  96.69,  96.75,  92.22, 106.03,
       109.2 ,  82.62, 103.2 , 110.35, 102.87, 104.87, 113.25, 112.5 ,
       111.78, 125.76, 125.95, 121.7 , 136.01, 139.92, 143.55, 142.43,
       132.17, 131.57, 112.67, 111.71, 102.16,  86.77,  82.37,  78.77,
        78.05,  70.46,  72.53,  76.34,  73.81,  76.87,  72.89,  85.3 ,
        86.13,  93.11,  90.48,  94.43, 105.74, 113.2 , 116.09, 113.75,
       111.02,  94.76,  88.69,  86.22,  82.04,  72.09,  69.05,  73.18,
        77.65,  75.7 ,  76.09,  78.88,  71.41,  74.1 ,  85.59,  87.66,
        79.26,  88.35,  91.73,  91.62, 104.76, 104.29,  99.3 , 104.05,
       100.63, 105.31,  94.71,  95.38,  85.26,  77.22,  64.21,  68.42,
        87.52, 107.09, 109.27,  93.71,  89.45,  70.96,  76.69,  83.59,
        87.97, 106.08, 109.59,  91.72,  78.69,  78.56,  75.66,  75.37,
        86.75,  92.69,  94.16,  83.43,  76.1 ,  76.68,  73.9 ,  74.68,
        81.64,  94.42,  84.48,  77.86,  74.48,  71.95,  76.9 ,  73.45,
        69.71,  69.78,  73.16,  71.25,  71.51,  81.79,  75.65,  85.11,
        94.02, 113.27, 129.86, 148.  , 156.4 , 158.21, 147.9 , 139.29,
       110.46, 104.54,  91.82,  82.25,  65.07,  73.85,  80.36,  70.9 ,
        75.28,  77.54,  79.76,  82.93,  83.56,  88.5 , 113.34, 136.  ])}",NA
15,,P60484,1,2KYL,6/1/2010,SOLUTION NMR,,NA,NO,NA,protein complex,"['MAST2_HUMAN, Q6P0Q8, chain_A;PTEN_HUMAN, P60484, chain_B']",NA,NA,NA,NA,B,"{'B': '[(391, 403)]'}",NA,"{'B': array([4.47, 2.19, 3.06, 2.7 , 2.23, 1.74, 1.54, 1.67, 1.  , 0.86, 0.63,
       0.68, 0.55])}",NA
